{
    "itskittyyoutube.nano.headphones.on": {
      "category": "player",
      "sounds": [
        "itskittyyoutube/nano_headphones_on"
      ]
    },
    "itskittyyoutube.nano.headphones.on.short": {
      "category": "player",
      "sounds": [
        "itskittyyoutube/nano_headphones_on_short"
      ]
    },
    "itskittyyoutube.nano.headphones.off": {
      "category": "player",
      "sounds": [
        "itskittyyoutube/nano_headphones_off"
      ]
    },
    "itskittyyoutube.nano.headphones.off.short": {
      "category": "player",
      "sounds": [
        "itskittyyoutube/nano_headphones_off_short"
      ]
    }
  }